0,1
OldParticular2326,kentmaxwell
OldParticular2326,PhotographsWithFilm
OldParticular2326,zazzersmel
MadDevloper,OldParticular2326
OldParticular2326,chrisgarzon19
OldParticular2326,daguito81
BoringWozniak,OldParticular2326
OldParticular2326,creamyhorror
FloggingTheHorses,OldParticular2326
FatLeeAdama2,OldParticular2326
OldParticular2326,mTiCP
ChewbaccaFuzball,OldParticular2326
GreenWoodDragon,OldParticular2326
OldParticular2326,elus
NumerousIndependent2,OldParticular2326
OldParticular2326,dfwtjms
OldParticular2326,marmenia
OldParticular2326,jayrob211
OldParticular2326,Picasso1067
OldParticular2326,madredditscientist
OldParticular2326,oeuviz
Animewoow,OldParticular2326
OldParticular2326,OneCapital6836
OldParticular2326,indichomu
OldParticular2326,SailorGirl29
OldParticular2326,TheMightySilverback
MostJudgment3212,OldParticular2326
Altrooke,OverratedDataScience
OverratedDataScience,windigo3
OverratedDataScience,Soltem
OverratedDataScience,pimmen89
OverratedDataScience,uncomfortablepanda
OverratedDataScience,alamiin
OverratedDataScience,XtremeGoose
OverratedDataScience,lcalisto
FlatRobots,OverratedDataScience
OverratedDataScience,eganba
Nooooope,OverratedDataScience
DreJDavis,OverratedDataScience
OverratedDataScience,circusboy
OverratedDataScience,dilbertdad
OverratedDataScience,ollienicholson
OverratedDataScience,wstwrdxpnsn
OverratedDataScience,apeters89
OverratedDataScience,sangbui
OverratedDataScience,dietmtndewnewyork
OverratedDataScience,keefemotif
OverratedDataScience,nootnootpingu1
OverratedDataScience,jgonagle
OverratedDataScience,TravellingBeard
OverratedDataScience,ntdoyfanboy
OverratedDataScience,nobuhok
OverratedDataScience,ScooptiWoop5
OverratedDataScience,shoretel230
DrDoomC17,OverratedDataScience
GeForceKawaiiyo,OverratedDataScience
GeekyTricky,OverratedDataScience
OverratedDataScience,lLovl
OverratedDataScience,adzsroka
OverratedDataScience,doc334ft3
FloggingTheHorses,OverratedDataScience
OverratedDataScience,amedmond
Friendlyvoices,OverratedDataScience
OverratedDataScience,RhydiansRazor
OverratedDataScience,dgrsmith
OverratedDataScience,kiwibutterket
OverratedDataScience,chrisbind
OverratedDataScience,randomnomber2
Ilyps,OverratedDataScience
OverratedDataScience,loudandclear11
OverratedDataScience,mjgcfb
HAL9000000,OverratedDataScience
OverratedDataScience,ZenCoding
OverratedDataScience,wtfzambo
OverratedDataScience,kiwifruta
OverratedDataScience,erin0302
OverratedDataScience,freedumz
OverratedDataScience,traypunks6
OverratedDataScience,PartusLetum
OverratedDataScience,idodatamodels
OverratedDataScience,WeightGlum4724
Flamburghur,OverratedDataScience
JohnDillermand2,OverratedDataScience
OverratedDataScience,yuicebox
BlueSea9357,OverratedDataScience
OverratedDataScience,VocRehabber
OverratedDataScience,recruta54
OverratedDataScience,lifec0ach
OverratedDataScience,duvall348
OverratedDataScience,ggeoff
OverratedDataScience,jayzfanacc
BenjaminGunn,OverratedDataScience
OverratedDataScience,badge
Crowsby,OverratedDataScience
OverratedDataScience,bitsynthesis
OverratedDataScience,lowcountrydad
ComprehensiveBoss815,OverratedDataScience
OverratedDataScience,hermitcrab
GreenWoodDragon,smashmaps
moazim1993,smashmaps
smashmaps,ulomot
mamaBiskothu,smashmaps
howdoireachthese,smashmaps
rovertus,smashmaps
Robyo12121,smashmaps
minato3421,smashmaps
32gbsd,smashmaps
eitanski,smashmaps
smashmaps,somenewname4me
cptshrk108,smashmaps
pescennius,smashmaps
543254447,smashmaps
mattindustries,smashmaps
jawabdey,smashmaps
TerriblyRare,smashmaps
IDoCodingStuffs,smashmaps
Dminor77,smashmaps
droppedorphan,smashmaps
kthejoker,smashmaps
beyphy,smashmaps
smashmaps,vaibhy21
KWeatherwalks,smashmaps
smashmaps,xeroskiller
elgordit0,smashmaps
MooJerseyCreamery,smashmaps
BoiElroy,smashmaps
dongdesk,smashmaps
DirtzMaGertz,smashmaps
AStarBack,smashmaps
notGaruda1,smashmaps
DozenAlarmedGoats,smashmaps
Georgehwp,smashmaps
shoretel230,smashmaps
kevintxu,smashmaps
gronaninjan,smashmaps
RevRev2x,smashmaps
AnimaLepton,smashmaps
MundaneFee8986,smashmaps
BufferUnderpants,smashmaps
bdforbes,smashmaps
lightnegative,smashmaps
jppp2,smashmaps
smashmaps,theporterhaus
freeWeemsy,smashmaps
chipstastegood,smashmaps
ratulotron,smashmaps
ProgrammersAreSexy,smashmaps
CanadianStekare,GreenSquid
GreenSquid,windigo3
GreenSquid,datawazo
BestTomatillo6197,GreenSquid
GreenSquid,dmkii
GreenSquid,VladyPoopin
GreenSquid,skysetter
GreenSquid,KWillets
GreenSquid,IllustratorWitty5104
GreenSquid,YellowSea11
GreenSquid,bisectional
GreenSquid,databro92
GreenSquid,TheWikiJedi
GreenSquid,Jefffresh
GreenSquid,proverbialbunny
7unom,GreenSquid
GreenSquid,thecoller
GreenSquid,speedisntfree
GreenSquid,turalfirst
GreenSquid,JollyJustice
GreenSquid,xander800
GreenSquid,lezzgooooo
GreenSquid,skatastic57
GreenSquid,cohortq
AlexanderUGA,GreenSquid
GreenSquid,paperbeau
GreenSquid,PhantomSummonerz
GreenSquid,Rakhered
GreenSquid,szayl
GreenSquid,anabaranamarana
GreenSquid,TrainquilOasis1423
GreenSquid,blinkybillster
Bluemoon7607,GreenSquid
GreenSquid,billysacco
GreenSquid,MinThuraZaw
FreakishPower,GreenSquid
GreenSquid,avatarOfIndifference
GreenSquid,TrollandDie
GreenSquid,greendookie69
GreenSquid,wtfzambo
GreenSquid,LeftShark
GreenSquid,Tom22174
GreenSquid,JohnHazardWandering
GreenSquid,Phantazein
GreenSquid,Pflastersteinmetz
CloudFaithTTV,GreenSquid
HiroKifa,theporterhaus
HauntingWarning777,HiroKifa
HiroKifa,keefemotif
HiroKifa,polarvertexx
HiroKifa,rishis18
HiroKifa,kaartman1
HiroKifa,c0m94d3
HiroKifa,Typicalusrname
HiroKifa,beesong
HiroKifa,suvinseal
HiroKifa,Yabakebi
HiroKifa,nfojones
HiroKifa,platinum1610
HiroKifa,umlcat
HiroKifa,msaki01
HiroKifa,wow343
HiroKifa,Randomaurat
HiroKifa,McNoxey
HiroKifa,m1nkeh
HiroKifa,nycdataviz
HiroKifa,grapegeek
HiroKifa,wodkaholic
HiroKifa,rudboi12
HiroKifa,ImFuckedAndDone
CoolBytesIN,HiroKifa
HiroKifa,jonnawhat
HiroKifa,dangerousTail
HiroKifa,ZirePhiinix
HiroKifa,JuveDragon
HiroKifa,IlliterateJedi
HiroKifa,eastieLad
HiroKifa,shar72944
HiroKifa,asurarusa
HiroKifa,redit9977
HiroKifa,RBeck
HiroKifa,NachiseThrowaway
HiroKifa,JumboHotdogz
HiroKifa,nerevisigoth
HiroKifa,uracil
HiroKifa,drooski
HiroKifa,Jijster
HiroKifa,randomnomber2
