source,target
OldParticular2326,kentmaxwell
OldParticular2326,PhotographsWithFilm
OldParticular2326,zazzersmel
OldParticular2326,MadDevloper
OldParticular2326,chrisgarzon19
OldParticular2326,daguito81
OldParticular2326,BoringWozniak
OldParticular2326,creamyhorror
OldParticular2326,FloggingTheHorses
OldParticular2326,FatLeeAdama2
OldParticular2326,mTiCP
OldParticular2326,ChewbaccaFuzball
OldParticular2326,GreenWoodDragon
OldParticular2326,Live-Key8030
OldParticular2326,elus
OldParticular2326,Puzzleheaded-Sun3107
OldParticular2326,NumerousIndependent2
OldParticular2326,dfwtjms
OldParticular2326,marmenia
OldParticular2326,Cpt_keaSar
OldParticular2326,jayrob211
OldParticular2326,mohamed_af1
OldParticular2326,Evening_Chemist_2367
OldParticular2326,Picasso1067
OldParticular2326,madredditscientist
OldParticular2326,oeuviz
OldParticular2326,Animewoow
OldParticular2326,OneCapital6836
OldParticular2326,Alternative-Ordinary
OldParticular2326,indichomu
OldParticular2326,SailorGirl29
OldParticular2326,TheMightySilverback
OldParticular2326,MadDevloper
OldParticular2326,dfwtjms
OldParticular2326,MostJudgment3212
OverratedDataScience,Altrooke
OverratedDataScience,mac-0
OverratedDataScience,windigo3
OverratedDataScience,Soltem
OverratedDataScience,pimmen89
OverratedDataScience,Technical_Proposal_8
OverratedDataScience,uncomfortablepanda
OverratedDataScience,PM_ME_YOUR_SHOLAS
OverratedDataScience,alamiin
OverratedDataScience,XtremeGoose
OverratedDataScience,Desperate_Rate_405
OverratedDataScience,lcalisto
OverratedDataScience,FlatRobots
OverratedDataScience,princess-rainbows666
OverratedDataScience,eganba
OverratedDataScience,Southern-Remove42
OverratedDataScience,Nooooope
OverratedDataScience,DreJDavis
OverratedDataScience,circusboy
OverratedDataScience,dilbertdad
OverratedDataScience,Q_H_Chu
OverratedDataScience,old_enough_to_drink
OverratedDataScience,ollienicholson
OverratedDataScience,Laurence-Lin
OverratedDataScience,wstwrdxpnsn
OverratedDataScience,apeters89
OverratedDataScience,sangbui
OverratedDataScience,dietmtndewnewyork
OverratedDataScience,keefemotif
OverratedDataScience,nootnootpingu1
OverratedDataScience,jgonagle
OverratedDataScience,TravellingBeard
OverratedDataScience,ntdoyfanboy
OverratedDataScience,nobuhok
OverratedDataScience,ScooptiWoop5
OverratedDataScience,shoretel230
OverratedDataScience,DrDoomC17
OverratedDataScience,Eze-Wong
OverratedDataScience,GeForceKawaiiyo
OverratedDataScience,GeekyTricky
OverratedDataScience,lLovl
OverratedDataScience,adzsroka
OverratedDataScience,doc334ft3
OverratedDataScience,who-wut
OverratedDataScience,Awkward-Block-5005
OverratedDataScience,FloggingTheHorses
OverratedDataScience,amedmond
OverratedDataScience,Friendlyvoices
OverratedDataScience,Easy-Acanthisitta218
OverratedDataScience,RhydiansRazor
OverratedDataScience,RhydiansRazor
OverratedDataScience,dgrsmith
OverratedDataScience,kiwibutterket
OverratedDataScience,chrisbind
OverratedDataScience,pimmen89
OverratedDataScience,randomnomber2
OverratedDataScience,Ilyps
OverratedDataScience,loudandclear11
OverratedDataScience,mjgcfb
OverratedDataScience,a_devious_compliance
OverratedDataScience,HAL9000000
OverratedDataScience,ZenCoding
OverratedDataScience,wtfzambo
OverratedDataScience,kiwifruta
OverratedDataScience,erin0302
OverratedDataScience,freedumz
OverratedDataScience,traypunks6
OverratedDataScience,Difficult-Parfait347
OverratedDataScience,PartusLetum
OverratedDataScience,idodatamodels
OverratedDataScience,WeightGlum4724
OverratedDataScience,El_Cato_Crande
OverratedDataScience,Length-Working
OverratedDataScience,nobuhok
OverratedDataScience,Little_Kitty
OverratedDataScience,a_devious_compliance
OverratedDataScience,Flamburghur
OverratedDataScience,JohnDillermand2
OverratedDataScience,Swimming_Cry_6841
OverratedDataScience,Nick_AxeusConsulting
OverratedDataScience,freaking_scared
OverratedDataScience,yuicebox
OverratedDataScience,yuicebox
OverratedDataScience,BlueSea9357
OverratedDataScience,Obvious-Ebb-7780
OverratedDataScience,VocRehabber
OverratedDataScience,recruta54
OverratedDataScience,lifec0ach
OverratedDataScience,duvall348
OverratedDataScience,ggeoff
OverratedDataScience,Norman_Door
OverratedDataScience,ScooptiWoop5
OverratedDataScience,dgrsmith
OverratedDataScience,jayzfanacc
OverratedDataScience,BenjaminGunn
OverratedDataScience,Swimming_Cry_6841
OverratedDataScience,loudandclear11
OverratedDataScience,XtremeGoose
OverratedDataScience,yuicebox
OverratedDataScience,yuicebox
OverratedDataScience,badge
OverratedDataScience,Crowsby
OverratedDataScience,Dry-Sir-5932
OverratedDataScience,BlueSea9357
OverratedDataScience,loudandclear11
OverratedDataScience,bitsynthesis
OverratedDataScience,dgrsmith
OverratedDataScience,lowcountrydad
OverratedDataScience,ComprehensiveBoss815
OverratedDataScience,BenjaminGunn
OverratedDataScience,BenjaminGunn
OverratedDataScience,BenjaminGunn
OverratedDataScience,BenjaminGunn
OverratedDataScience,BenjaminGunn
OverratedDataScience,yuicebox
OverratedDataScience,badge
OverratedDataScience,hermitcrab
OverratedDataScience,BlueSea9357
OverratedDataScience,loudandclear11
OverratedDataScience,dgrsmith
Straight_House8628,HeavyFuckingMetalx
Straight_House8628,elus
Straight_House8628,cptshrk108
Straight_House8628,1PLSXD
Straight_House8628,GroundbreakingFly555
Straight_House8628,sucksbored
Straight_House8628,winterchainz
Straight_House8628,renok_archnmy
Straight_House8628,blue_trains_
Straight_House8628,Foot_Straight
Straight_House8628,UUadeo
Straight_House8628,lzwzli
Straight_House8628,Aggressive-Log7654
Straight_House8628,toidaylabach
Straight_House8628,CaptainRare
Straight_House8628,Su1t4n_
Straight_House8628,mattindustries
Straight_House8628,FoxxKnight
Straight_House8628,lawrebx
Straight_House8628,vmonsale
Straight_House8628,Garbage-kun
Straight_House8628,minato3421
Straight_House8628,DoubIeIift
Straight_House8628,BuryMeWithMyServers
Straight_House8628,RevRev2x
Straight_House8628,hesanastronaut
Straight_House8628,ThatGrayZ
Straight_House8628,Nabugu
Straight_House8628,scranice3
Straight_House8628,t0w3rh0u53
Straight_House8628,Pandapoopums
Straight_House8628,Ribak145
Straight_House8628,haragoshi
Straight_House8628,SkiRMNP
Straight_House8628,Bubbassauro
Straight_House8628,klubmo
Straight_House8628,Bubbassauro
Straight_House8628,puripy
Straight_House8628,Opposite_Affect5880
Straight_House8628,HeavyFuckingMetalx
Straight_House8628,HeavyFuckingMetalx
Straight_House8628,caveat_cogitor
Straight_House8628,kenfar
Straight_House8628,workthistime520
Straight_House8628,elus
Straight_House8628,cptshrk108
Straight_House8628,CrowdGoesWildWoooo
Straight_House8628,7818
Straight_House8628,creamyhorror
Straight_House8628,winterchainz
Straight_House8628,SirBardsalot
Straight_House8628,renok_archnmy
Straight_House8628,lzwzli
Straight_House8628,mattindustries
Straight_House8628,Doyale_royale
Straight_House8628,RevRev2x
Straight_House8628,Ribak145
Straight_House8628,SkiRMNP
Straight_House8628,Bubbassauro
Straight_House8628,Swimming_Cry_6841
Straight_House8628,CrowdGoesWildWoooo
Straight_House8628,creamyhorror
Straight_House8628,renok_archnmy
Straight_House8628,RevRev2x
Straight_House8628,Ribak145
smashmaps,GreenWoodDragon
smashmaps,Mr-Bovine_Joni
smashmaps,moazim1993
smashmaps,No-Future-229
smashmaps,ulomot
smashmaps,sib_n
smashmaps,Competitive_Speech36
smashmaps,mamaBiskothu
smashmaps,howdoireachthese
smashmaps,rovertus
smashmaps,Robyo12121
smashmaps,pina_koala
smashmaps,bernardo_galvao
smashmaps,minato3421
smashmaps,32gbsd
smashmaps,eitanski
smashmaps,designedbyai_sam
smashmaps,somenewname4me
smashmaps,Thinker_Assignment
smashmaps,cptshrk108
smashmaps,pescennius
smashmaps,543254447
smashmaps,mattindustries
smashmaps,jawabdey
smashmaps,TerriblyRare
smashmaps,Tender_Figs
smashmaps,IDoCodingStuffs
smashmaps,Dminor77
smashmaps,droppedorphan
smashmaps,kthejoker
smashmaps,beyphy
smashmaps,vaibhy21
smashmaps,KWeatherwalks
smashmaps,xeroskiller
smashmaps,elgordit0
smashmaps,spike_1885
smashmaps,xeroskiller
smashmaps,renok_archnmy
smashmaps,MooJerseyCreamery
smashmaps,BoiElroy
smashmaps,IDoCodingStuffs
smashmaps,dongdesk
smashmaps,DirtzMaGertz
smashmaps,AStarBack
smashmaps,notGaruda1
smashmaps,DozenAlarmedGoats
smashmaps,Georgehwp
smashmaps,sib_n
smashmaps,deal_damage
smashmaps,shoretel230
smashmaps,kevintxu
smashmaps,Thinker_Assignment
smashmaps,gronaninjan
smashmaps,RevRev2x
smashmaps,AnimaLepton
smashmaps,renok_archnmy
smashmaps,32gbsd
smashmaps,droppedorphan
smashmaps,MundaneFee8986
smashmaps,nf_x
smashmaps,GreenWoodDragon
smashmaps,GreenWoodDragon
smashmaps,MooJerseyCreamery
smashmaps,kevintxu
smashmaps,BufferUnderpants
smashmaps,bdforbes
smashmaps,lightnegative
smashmaps,jppp2
smashmaps,pescennius
smashmaps,beyphy
smashmaps,jawabdey
smashmaps,princess-barnacle
smashmaps,droppedorphan
smashmaps,kthejoker
smashmaps,beyphy
smashmaps,renok_archnmy
smashmaps,renok_archnmy
smashmaps,IDoCodingStuffs
smashmaps,MundaneFee8986
smashmaps,dongdesk
smashmaps,theporterhaus
smashmaps,freeWeemsy
smashmaps,chipstastegood
smashmaps,ratulotron
smashmaps,kevintxu
smashmaps,RevRev2x
smashmaps,MundaneFee8986
smashmaps,kevintxu
smashmaps,deal_damage
smashmaps,bdforbes
smashmaps,BufferUnderpants
smashmaps,MundaneFee8986
smashmaps,may_throw-away
smashmaps,princess-barnacle
smashmaps,ProgrammersAreSexy
smashmaps,bdforbes
smashmaps,MundaneFee8986
smashmaps,kevintxu
GreenSquid,CanadianStekare
GreenSquid,chad_broman69
GreenSquid,windigo3
GreenSquid,datawazo
GreenSquid,BestTomatillo6197
GreenSquid,dmkii
GreenSquid,VladyPoopin
GreenSquid,skysetter
GreenSquid,KWillets
GreenSquid,IllustratorWitty5104
GreenSquid,YellowSea11
GreenSquid,AG__Pennypacker__
GreenSquid,Ok-Sentence-8542
GreenSquid,bisectional
GreenSquid,East_Pattern_7420
GreenSquid,databro92
GreenSquid,Traditional_Ad3929
GreenSquid,TheWikiJedi
GreenSquid,stop_reading__this
GreenSquid,Jefffresh
GreenSquid,proverbialbunny
GreenSquid,7unom
GreenSquid,thecoller
GreenSquid,Repulsive-Capital-35
GreenSquid,Surge_attack
GreenSquid,speedisntfree
GreenSquid,turalfirst
GreenSquid,JollyJustice
GreenSquid,xander800
GreenSquid,lezzgooooo
GreenSquid,bitgrit_Team
GreenSquid,skatastic57
GreenSquid,cohortq
GreenSquid,AlexanderUGA
GreenSquid,Kokubo-ubo
GreenSquid,paperbeau
GreenSquid,PhantomSummonerz
GreenSquid,Rakhered
GreenSquid,boothy_qld
GreenSquid,szayl
GreenSquid,Unfair_Arugula_4486
GreenSquid,Garbage-kun
GreenSquid,anabaranamarana
GreenSquid,TrainquilOasis1423
GreenSquid,blinkybillster
GreenSquid,Bluemoon7607
GreenSquid,Imaginary-Hawk-8407
GreenSquid,billysacco
GreenSquid,MinThuraZaw
GreenSquid,FreakishPower
GreenSquid,avatarOfIndifference
GreenSquid,Character-Bank-9613
GreenSquid,TrollandDie
GreenSquid,Faux_Real
GreenSquid,Yellow_Triangle
GreenSquid,greendookie69
GreenSquid,deal_damage
GreenSquid,wtfzambo
GreenSquid,denM_chickN
GreenSquid,LeftShark
GreenSquid,Tom22174
GreenSquid,JohnHazardWandering
GreenSquid,Hazy-Bolognese
GreenSquid,Designer-Rush4360
GreenSquid,greendookie69
GreenSquid,Jg-mz
GreenSquid,Phantazein
GreenSquid,JollyJustice
GreenSquid,Ein_Bear
GreenSquid,Uncle_Chael
GreenSquid,TrainquilOasis1423
GreenSquid,Pflastersteinmetz
GreenSquid,skysetter
GreenSquid,Jefffresh
GreenSquid,JollyJustice
GreenSquid,CloudFaithTTV
GreenSquid,CloudFaithTTV
GreenSquid,wtfzambo
GreenSquid,Phantazein
GreenSquid,JollyJustice
GreenSquid,JollyJustice
GreenSquid,Phantazein
GreenSquid,JollyJustice
HiroKifa,theporterhaus
HiroKifa,HauntingWarning777
HiroKifa,LelouchYagami_
HiroKifa,big_lazerz
HiroKifa,keefemotif
HiroKifa,polarvertexx
HiroKifa,Outrageous-Kale9545
HiroKifa,rishis18
HiroKifa,kaartman1
HiroKifa,c0m94d3
HiroKifa,Typicalusrname
HiroKifa,beesong
HiroKifa,suvinseal
HiroKifa,Yabakebi
HiroKifa,nfojones
HiroKifa,platinum1610
HiroKifa,Ancient-Condition281
HiroKifa,Half_Egg_Rice
HiroKifa,umlcat
HiroKifa,Max_Seven_Four
HiroKifa,msaki01
HiroKifa,wow343
HiroKifa,Randomaurat
HiroKifa,McNoxey
HiroKifa,m1nkeh
HiroKifa,Ok_Expert2790
HiroKifa,nycdataviz
HiroKifa,grapegeek
HiroKifa,wodkaholic
HiroKifa,Active-Ask-3524
HiroKifa,rudboi12
HiroKifa,ImFuckedAndDone
HiroKifa,CoolBytesIN
HiroKifa,jonnawhat
HiroKifa,umlcat
HiroKifa,dangerousTail
HiroKifa,arena_one
HiroKifa,rudboi12
HiroKifa,Big-Intern2627
HiroKifa,ZirePhiinix
HiroKifa,Happy-Adhesiveness-3
HiroKifa,JuveDragon
HiroKifa,IlliterateJedi
HiroKifa,Typicalusrname
HiroKifa,eastieLad
HiroKifa,shar72944
HiroKifa,asurarusa
HiroKifa,nycdataviz
HiroKifa,redit9977
HiroKifa,RBeck
HiroKifa,NachiseThrowaway
HiroKifa,JumboHotdogz
HiroKifa,umlcat
HiroKifa,nerevisigoth
HiroKifa,uracil
HiroKifa,Ancient-Condition281
HiroKifa,Randomaurat
HiroKifa,Electrical-Ask847
HiroKifa,drooski
HiroKifa,Electrical-Ask847
HiroKifa,Jijster
HiroKifa,Intelligent_Event_84
HiroKifa,asurarusa
HiroKifa,randomnomber2
HiroKifa,Ancient-Condition281
