ID,node
0,ThatGrayZ
1,MadDevloper
2,DozenAlarmedGoats
3,vmonsale
4,uncomfortablepanda
5,7818
6,PhotographsWithFilm
7,puripy
8,ProgrammersAreSexy
9,SailorGirl29
10,Georgehwp
11,7unom
12,freaking_scared
13,East_Pattern_7420
14,XtremeGoose
15,BlueSea9357
16,DirtzMaGertz
17,Awkward-Block-5005
18,turalfirst
19,BoringWozniak
20,pescennius
21,ZirePhiinix
22,Crowsby
23,Imaginary-Hawk-8407
24,Nick_AxeusConsulting
25,LelouchYagami_
26,pina_koala
27,Randomaurat
28,keefemotif
29,El_Cato_Crande
30,TrainquilOasis1423
31,Thinker_Assignment
32,caveat_cogitor
33,543254447
34,Straight_House8628
35,kthejoker
36,IDoCodingStuffs
37,beyphy
38,Phantazein
39,bernardo_galvao
40,SirBardsalot
41,Technical_Proposal_8
42,RevRev2x
43,Garbage-kun
44,princess-rainbows666
45,BenjaminGunn
46,HAL9000000
47,VladyPoopin
48,adzsroka
49,szayl
50,Uncle_Chael
51,kaartman1
52,jayzfanacc
53,Ilyps
54,DreJDavis
55,GreenSquid
56,freedumz
57,JohnDillermand2
58,Animewoow
59,bitsynthesis
60,avatarOfIndifference
61,anabaranamarana
62,Pandapoopums
63,Unfair_Arugula_4486
64,paperbeau
65,xeroskiller
66,BoiElroy
67,Active-Ask-3524
68,BuryMeWithMyServers
69,wtfzambo
70,MostJudgment3212
71,Competitive_Speech36
72,DoubIeIift
73,NachiseThrowaway
74,blinkybillster
75,LeftShark
76,nerevisigoth
77,FreakishPower
78,wstwrdxpnsn
79,Live-Key8030
80,Laurence-Lin
81,badge
82,rovertus
83,32gbsd
84,Hazy-Bolognese
85,Faux_Real
86,skysetter
87,c0m94d3
88,doc334ft3
89,grapegeek
90,Rakhered
91,eitanski
92,Norman_Door
93,Tender_Figs
94,Happy-Adhesiveness-3
95,chipstastegood
96,dangerousTail
97,nf_x
98,scranice3
99,MundaneFee8986
100,Puzzleheaded-Sun3107
101,yuicebox
102,ggeoff
103,eganba
104,lawrebx
105,Southern-Remove42
106,Ok_Expert2790
107,Evening_Chemist_2367
108,Eze-Wong
109,droppedorphan
110,Robyo12121
111,duvall348
112,FoxxKnight
113,PM_ME_YOUR_SHOLAS
114,wodkaholic
115,lightnegative
116,Altrooke
117,AStarBack
118,Yellow_Triangle
119,blue_trains_
120,Su1t4n_
121,Obvious-Ebb-7780
122,sucksbored
123,mac-0
124,thecoller
125,chrisbind
126,lcalisto
127,Aggressive-Log7654
128,spike_1885
129,Alternative-Ordinary
130,lowcountrydad
131,FloggingTheHorses
132,a_devious_compliance
133,mattindustries
134,kiwibutterket
135,IlliterateJedi
136,Foot_Straight
137,TheMightySilverback
138,JumboHotdogz
139,CaptainRare
140,dgrsmith
141,cohortq
142,GreenWoodDragon
143,circusboy
144,ComprehensiveBoss815
145,old_enough_to_drink
146,greendookie69
147,freeWeemsy
148,lezzgooooo
149,pimmen89
150,toidaylabach
151,Little_Kitty
152,platinum1610
153,jawabdey
154,may_throw-away
155,renok_archnmy
156,OverratedDataScience
157,CrowdGoesWildWoooo
158,Kokubo-ubo
159,dilbertdad
160,Difficult-Parfait347
161,madredditscientist
162,billysacco
163,vaibhy21
164,McNoxey
165,sib_n
166,RBeck
167,Designer-Rush4360
168,shar72944
169,Repulsive-Capital-35
170,dmkii
171,zazzersmel
172,mamaBiskothu
173,ratulotron
174,amedmond
175,DrDoomC17
176,NumerousIndependent2
177,moazim1993
178,KWillets
179,nycdataviz
180,oeuviz
181,t0w3rh0u53
182,Mr-Bovine_Joni
183,sangbui
184,TravellingBeard
185,lifec0ach
186,idodatamodels
187,Character-Bank-9613
188,redit9977
189,PartusLetum
190,traypunks6
191,who-wut
192,RhydiansRazor
193,GroundbreakingFly555
194,windigo3
195,haragoshi
196,Half_Egg_Rice
197,jgonagle
198,ScooptiWoop5
199,Flamburghur
200,big_lazerz
201,suvinseal
202,ZenCoding
203,denM_chickN
204,Desperate_Rate_405
205,lzwzli
206,skatastic57
207,Electrical-Ask847
208,daguito81
209,OneCapital6836
210,erin0302
211,smashmaps
212,dietmtndewnewyork
213,FlatRobots
214,designedbyai_sam
215,TrollandDie
216,mTiCP
217,winterchainz
218,klubmo
219,beesong
220,ntdoyfanboy
221,uracil
222,JohnHazardWandering
223,Nooooope
224,VocRehabber
225,HeavyFuckingMetalx
226,UUadeo
227,OldParticular2326
228,jppp2
229,HiroKifa
230,hesanastronaut
231,Max_Seven_Four
232,Length-Working
233,Big-Intern2627
234,datawazo
235,nfojones
236,jonnawhat
237,Nabugu
238,GeForceKawaiiyo
239,Ribak145
240,bisectional
241,drooski
242,IllustratorWitty5104
243,Traditional_Ad3929
244,deal_damage
245,jayrob211
246,MooJerseyCreamery
247,notGaruda1
248,Outrageous-Kale9545
249,WeightGlum4724
250,Doyale_royale
251,Ancient-Condition281
252,boothy_qld
253,elus
254,eastieLad
255,m1nkeh
256,databro92
257,AlexanderUGA
258,Picasso1067
259,bdforbes
260,FatLeeAdama2
261,howdoireachthese
262,msaki01
263,Typicalusrname
264,Jefffresh
265,Ein_Bear
266,AnimaLepton
267,Yabakebi
268,proverbialbunny
269,Friendlyvoices
270,AG__Pennypacker__
271,lLovl
272,rudboi12
273,mjgcfb
274,JuveDragon
275,kiwifruta
276,shoretel230
277,SkiRMNP
278,ChewbaccaFuzball
279,GeekyTricky
280,HauntingWarning777
281,wow343
282,KWeatherwalks
283,kentmaxwell
284,Jijster
285,workthistime520
286,randomnomber2
287,BestTomatillo6197
288,Cpt_keaSar
289,marmenia
290,1PLSXD
291,CoolBytesIN
292,nootnootpingu1
293,indichomu
294,Easy-Acanthisitta218
295,Intelligent_Event_84
296,stop_reading__this
297,cptshrk108
298,nobuhok
299,ulomot
300,No-Future-229
301,TheWikiJedi
302,speedisntfree
303,Soltem
304,Jg-mz
305,TerriblyRare
306,Pflastersteinmetz
307,creamyhorror
308,gronaninjan
309,dongdesk
310,Ok-Sentence-8542
311,mohamed_af1
312,Dry-Sir-5932
313,Surge_attack
314,CloudFaithTTV
315,loudandclear11
316,princess-barnacle
317,elgordit0
318,JollyJustice
319,xander800
320,bitgrit_Team
321,Bluemoon7607
322,Tom22174
323,Swimming_Cry_6841
324,ollienicholson
325,chrisgarzon19
326,kenfar
327,BufferUnderpants
328,ImFuckedAndDone
329,YellowSea11
330,umlcat
331,arena_one
332,Opposite_Affect5880
333,alamiin
334,dfwtjms
335,recruta54
336,asurarusa
337,PhantomSummonerz
338,Dminor77
339,MinThuraZaw
340,somenewname4me
341,minato3421
342,CanadianStekare
343,rishis18
344,Bubbassauro
345,theporterhaus
346,kevintxu
347,apeters89
348,chad_broman69
349,Q_H_Chu
350,polarvertexx
351,hermitcrab
